{
    "Bansi": 1531485155.4578354,
    "Bhakti": 1531483372.9998474,
    "Chandra": 1531476669.8804233,
    "Darshan": 1531480110.016482,
    "Deep": 1531485171.4602726,
    "Dhruti": 1531485377.1692364,
    "Dhwani": 1531469142.9126785,
    "Hetal": 1531476296.9802024,
    "Hiral": 1531483073.1231656,
    "Jeet": 1531466643.0043647,
    "Kaushal": 1531485903.9415479,
    "Kishan": 1531482231.6551623,
    "Komal": 1531466464.0706708,
    "Priya": 1531466427.0941572,
    "Raj": 1531466308.299264,
    "Vishal": 1531483935.078837
}